PRODUCT_DESCRIPTION,PRODUCT_ID_,DOH,LOCATION_
NA Air CANADA Dream 2026,V1111111114,90,AMP1
NA Air CANADA Dream 2025,V1111111113,60,AMP1
NA Air CANADA Dream 2024,V1111111112,60,AMP1
NA Air CANADA Dream 2023,V1111111111,60,AMP1
NA Air CANADA Sapphire 2026,V1111111132,60,AMP1
NA Air CANADA Sapphire 2025,V1111111131,60,AMP1
NA Air CANADA Sapphire 2024,V1111111130,60,AMP1
NA Air CANADA Sapphire 2023,V1111111129,60,AMP1
NA Air CANADA GT-P 2026,V1111111124,60,AMP1
NA Air CANADA GT-P 2025,V1111111123,60,AMP1
NA Air CANADA GT-P 2024,V1111111122,60,AMP1
NA Air CANADA GT-P 2023,V1111111121,60,AMP1
NA Air CANADA GT 2026,V1111111119,60,AMP1
NA Air CANADA GT 2025,V1111111118,60,AMP1
NA Air CANADA GT 2024,V1111111117,60,AMP1
NA Air CANADA GT 2023,V1111111116,60,AMP1
NA Air CANADA Touring 2026,V1111111136,60,AMP1
NA Air CANADA Touring 2025,V1111111135,60,AMP1
NA Air CANADA Touring 2024,V1111111134,60,AMP1
NA Air CANADA Touring 2023,V1111111133,60,AMP1
NA Air CANADA Pure 2026,V1111111128,60,AMP1
NA Air CANADA Pure 2025,V1111111127,60,AMP1
NA Air CANADA Pure 2024,V1111111126,60,AMP1
NA Air CANADA Pure 2023,V1111111125,60,AMP1
NA Air USA Dream 2026,V1111111168,60,AMP1
NA Air USA Dream 2025,V1111111167,60,AMP1
NA Air USA Dream 2024,V1111111166,60,AMP1
NA Air USA Dream 2023,V1111111165,60,AMP1
NA Air USA Sapphire 2026,V1111111186,60,AMP1
NA Air USA Sapphire 2025,V1111111185,60,AMP1
NA Air USA Sapphire 2024,V1111111184,60,AMP1
NA Air USA Sapphire 2023,V1111111183,60,AMP1
NA Air USA GT-P 2026,V1111111178,60,AMP1
NA Air USA GT-P 2025,V1111111177,60,AMP1
NA Air USA GT-P 2024,V1111111176,60,AMP1
NA Air USA GT-P 2023,V1111111175,60,AMP1
NA Air USA GT 2026,V1111111173,60,AMP1
NA Air USA GT 2025,V1111111172,60,AMP1
NA Air USA GT 2024,V1111111171,60,AMP1
NA Air USA GT 2023,V1111111170,60,AMP1
NA Air USA Touring 2026,V1111111190,60,AMP1
NA Air USA Touring 2025,V1111111189,60,AMP1
NA Air USA Touring 2024,V1111111188,60,AMP1
NA Air USA Touring 2023,V1111111187,60,AMP1
NA Air USA Pure 2026,V1111111182,60,AMP1
NA Air USA Pure 2025,V1111111181,60,AMP1
NA Air USA Pure 2024,V1111111180,60,AMP1
NA Air USA Pure 2023,V1111111179,60,AMP1
NA Air NA FLEET Dream 2026,V1111111140,60,AMP1
NA Air NA FLEET Dream 2025,V1111111139,60,AMP1
NA Air NA FLEET Dream 2024,V1111111138,60,AMP1
NA Air NA FLEET Dream 2023,V1111111137,60,AMP1
NA Air NA FLEET Sapphire 2026,V1111111158,60,AMP1
NA Air NA FLEET Sapphire 2025,V1111111157,60,AMP1
NA Air NA FLEET Sapphire 2024,V1111111156,60,AMP1
NA Air NA FLEET Sapphire 2023,V1111111155,60,AMP1
NA Air NA FLEET GT-P 2026,V1111111150,60,AMP1
NA Air NA FLEET GT-P 2025,V1111111149,60,AMP1
NA Air NA FLEET GT-P 2024,V1111111148,60,AMP1
NA Air NA FLEET GT-P 2023,V1111111147,60,AMP1
NA Air NA FLEET GT 2026,V1111111145,60,AMP1
NA Air NA FLEET GT 2025,V1111111144,60,AMP1
NA Air NA FLEET GT 2024,V1111111143,60,AMP1
NA Air NA FLEET GT 2023,V1111111142,60,AMP1
NA Air NA FLEET Touring 2026,V1111111163,60,AMP1
NA Air NA FLEET Touring 2025,V1111111162,60,AMP1
NA Air NA FLEET Touring 2024,V1111111159,60,AMP1
NA Air NA FLEET Touring 2023,V1111111160,60,AMP1
NA Air NA FLEET Pure 2026,V1111111154,60,AMP1
NA Air NA FLEET Pure 2025,V1111111153,60,AMP1
NA Air NA FLEET Pure 2024,V1111111152,60,AMP1
NA Air NA FLEET Pure 2023,V1111111151,60,AMP1
EU Air Germany Dream 2026,V1111111214,90,AMP1
EU Air Germany Dream 2025,V1111111213,90,AMP1
EU Air Germany Dream 2024,V1111111212,90,AMP1
EU Air Germany Dream 2023,V1111111211,90,AMP1
EU Air Germany Sapphire 2026,V1111111230,90,AMP1
EU Air Germany Sapphire 2025,V1111111229,90,AMP1
EU Air Germany Sapphire 2024,V1111111228,90,AMP1
EU Air Germany Sapphire 2023,V1111111227,90,AMP1
EU Air Germany GT-P 2026,V1111111222,90,AMP1
EU Air Germany GT-P 2025,V1111111221,90,AMP1
EU Air Germany GT-P 2024,V1111111220,90,AMP1
EU Air Germany GT-P 2023,V1111111219,90,AMP1
EU Air Germany GT 2026,V1111111218,90,AMP1
EU Air Germany GT 2025,V1111111217,90,AMP1
EU Air Germany GT 2024,V1111111216,90,AMP1
EU Air Germany GT 2023,V1111111215,90,AMP1
EU Air Germany Touring 2026,V1111111234,90,AMP1
EU Air Germany Touring 2025,V1111111233,90,AMP1
EU Air Germany Touring 2024,V1111111232,90,AMP1
EU Air Germany Touring 2023,V1111111231,90,AMP1
EU Air Germany Pure 2026,V1111111226,90,AMP1
EU Air Germany Pure 2025,V1111111225,90,AMP1
EU Air Germany Pure 2024,V1111111224,90,AMP1
EU Air Germany Pure 2023,V1111111223,90,AMP1
EU Air Switzerland Dream 2026,V1111111286,90,AMP1
EU Air Switzerland Dream 2025,V1111111285,90,AMP1
EU Air Switzerland Dream 2024,V1111111284,90,AMP1
EU Air Switzerland Dream 2023,V1111111283,90,AMP1
EU Air Switzerland Sapphire 2026,V1111111302,90,AMP1
EU Air Switzerland Sapphire 2025,V1111111301,90,AMP1
EU Air Switzerland Sapphire 2024,V1111111300,90,AMP1
EU Air Switzerland Sapphire 2023,V1111111299,90,AMP1
EU Air Switzerland GT-P 2026,V1111111294,90,AMP1
EU Air Switzerland GT-P 2025,V1111111293,90,AMP1
EU Air Switzerland GT-P 2024,V1111111292,90,AMP1
EU Air Switzerland GT-P 2023,V1111111291,90,AMP1
EU Air Switzerland GT 2026,V1111111290,90,AMP1
EU Air Switzerland GT 2025,V1111111289,90,AMP1
EU Air Switzerland GT 2024,V1111111288,90,AMP1
EU Air Switzerland GT 2023,V1111111287,90,AMP1
EU Air Switzerland Touring 2026,V1111111306,90,AMP1
EU Air Switzerland Touring 2025,V1111111305,90,AMP1
EU Air Switzerland Touring 2024,V1111111304,90,AMP1
EU Air Switzerland Touring 2023,V1111111303,90,AMP1
EU Air Switzerland Pure 2026,V1111111298,90,AMP1
EU Air Switzerland Pure 2025,V1111111297,90,AMP1
EU Air Switzerland Pure 2024,V1111111296,90,AMP1
EU Air Switzerland Pure 2023,V1111111295,90,AMP1
EU Air Norway Dream 2026,V1111111262,90,AMP1
EU Air Norway Dream 2025,V1111111261,90,AMP1
EU Air Norway Dream 2024,V1111111260,90,AMP1
EU Air Norway Dream 2023,V1111111259,90,AMP1
EU Air Norway Sapphire 2026,V1111111278,90,AMP1
EU Air Norway Sapphire 2025,V1111111277,90,AMP1
EU Air Norway Sapphire 2024,V1111111276,90,AMP1
EU Air Norway Sapphire 2023,V1111111275,90,AMP1
EU Air Norway GT-P 2026,V1111111270,90,AMP1
EU Air Norway GT-P 2025,V1111111269,90,AMP1
EU Air Norway GT-P 2024,V1111111268,90,AMP1
EU Air Norway GT-P 2023,V1111111267,90,AMP1
EU Air Norway GT 2026,V1111111266,90,AMP1
EU Air Norway GT 2025,V1111111265,90,AMP1
EU Air Norway GT 2024,V1111111264,90,AMP1
EU Air Norway GT 2023,V1111111263,90,AMP1
EU Air Norway Touring 2026,V1111111282,90,AMP1
EU Air Norway Touring 2025,V1111111281,90,AMP1
EU Air Norway Touring 2024,V1111111280,90,AMP1
EU Air Norway Touring 2023,V1111111279,90,AMP1
EU Air Norway Pure 2026,V1111111274,90,AMP1
EU Air Norway Pure 2025,V1111111273,90,AMP1
EU Air Norway Pure 2024,V1111111272,90,AMP1
EU Air Norway Pure 2023,V1111111271,90,AMP1
EU Air Netherlands Dream 2026,V1111111238,90,AMP1
EU Air Netherlands Dream 2025,V1111111237,90,AMP1
EU Air Netherlands Dream 2024,V1111111236,90,AMP1
EU Air Netherlands Dream 2023,V1111111235,90,AMP1
EU Air Netherlands Sapphire 2026,V1111111254,90,AMP1
EU Air Netherlands Sapphire 2025,V1111111253,90,AMP1
EU Air Netherlands Sapphire 2024,V1111111252,90,AMP1
EU Air Netherlands Sapphire 2023,V1111111251,90,AMP1
EU Air Netherlands GT-P 2026,V1111111246,90,AMP1
EU Air Netherlands GT-P 2025,V1111111245,90,AMP1
EU Air Netherlands GT-P 2024,V1111111244,90,AMP1
EU Air Netherlands GT-P 2023,V1111111243,90,AMP1
EU Air Netherlands GT 2026,V1111111242,90,AMP1
EU Air Netherlands GT 2025,V1111111241,90,AMP1
EU Air Netherlands GT 2024,V1111111240,90,AMP1
EU Air Netherlands GT 2023,V1111111239,90,AMP1
EU Air Netherlands Touring 2026,V1111111258,90,AMP1
EU Air Netherlands Touring 2025,V1111111257,90,AMP1
EU Air Netherlands Touring 2024,V1111111256,90,AMP1
EU Air Netherlands Touring 2023,V1111111255,90,AMP1
EU Air Netherlands Pure 2026,V1111111250,90,AMP1
EU Air Netherlands Pure 2025,V1111111249,90,AMP1
EU Air Netherlands Pure 2024,V1111111248,90,AMP1
EU Air Netherlands Pure 2023,V1111111247,90,AMP1
ME Air KSARetail Sapphire 2026,V1111111374,90,AMP1
ME Air KSARetail Sapphire 2025,V1111111373,90,AMP1
ME Air KSARetail Sapphire 2024,V1111111372,90,AMP1
ME Air KSARetail Sapphire 2023,V1111111371,90,AMP1
ME Air KSAB2B Sapphire 2026,V1111111326,90,AMP1
ME Air KSAB2B Sapphire 2025,V1111111325,90,AMP1
ME Air KSAB2B Sapphire 2024,V1111111324,90,AMP1
ME Air KSAB2B Sapphire 2023,V1111111323,90,AMP1
ME Air KSAGvt Sapphire 2026,V1111111350,90,AMP1
ME Air KSAGvt Sapphire 2025,V1111111349,90,AMP1
ME Air KSAGvt Sapphire 2024,V1111111348,90,AMP1
ME Air KSAGvt Sapphire 2023,V1111111347,90,AMP1
ME Air UAE Sapphire 2026,V1111111398,90,AMP1
ME Air UAE Sapphire 2025,V1111111397,90,AMP1
ME Air UAE Sapphire 2024,V1111111396,90,AMP1
ME Air UAE Sapphire 2023,V1111111395,90,AMP1
ME Air KSARetail Dream 2026,V1111111358,60,AMP1-AMP2-In-Transit
ME Air KSARetail Dream 2025,V1111111357,60,AMP1-AMP2-In-Transit
ME Air KSARetail Dream 2024,V1111111356,60,AMP1-AMP2-In-Transit
ME Air KSARetail Dream 2023,V1111111355,60,AMP1-AMP2-In-Transit
ME Air KSARetail GT-P 2026,V1111111366,60,AMP1-AMP2-In-Transit
ME Air KSARetail GT-P 2025,V1111111365,60,AMP1-AMP2-In-Transit
ME Air KSARetail GT-P 2024,V1111111364,60,AMP1-AMP2-In-Transit
ME Air KSARetail GT-P 2023,V1111111363,60,AMP1-AMP2-In-Transit
ME Air KSARetail GT 2026,V1111111362,60,AMP1-AMP2-In-Transit
ME Air KSARetail GT 2025,V1111111361,60,AMP1-AMP2-In-Transit
ME Air KSARetail GT 2024,V1111111360,60,AMP1-AMP2-In-Transit
ME Air KSARetail GT 2023,V1111111359,60,AMP1-AMP2-In-Transit
ME Air KSARetail Touring 2026,V1111111378,60,AMP1-AMP2-In-Transit
ME Air KSARetail Touring 2025,V1111111377,60,AMP1-AMP2-In-Transit
ME Air KSARetail Touring 2024,V1111111376,60,AMP1-AMP2-In-Transit
ME Air KSARetail Touring 2023,V1111111375,60,AMP1-AMP2-In-Transit
ME Air KSARetail Pure 2026,V1111111370,60,AMP1-AMP2-In-Transit
ME Air KSARetail Pure 2025,V1111111369,60,AMP1-AMP2-In-Transit
ME Air KSARetail Pure 2024,V1111111368,60,AMP1-AMP2-In-Transit
ME Air KSARetail Pure 2023,V1111111367,60,AMP1-AMP2-In-Transit
ME Air KSAB2B Dream 2026,V1111111310,60,AMP1-AMP2-In-Transit
ME Air KSAB2B Dream 2025,V1111111309,60,AMP1-AMP2-In-Transit
ME Air KSAB2B Dream 2024,V1111111308,60,AMP1-AMP2-In-Transit
ME Air KSAB2B Dream 2023,V1111111307,60,AMP1-AMP2-In-Transit
ME Air KSAB2B GT-P 2026,V1111111318,60,AMP1-AMP2-In-Transit
ME Air KSAB2B GT-P 2025,V1111111317,60,AMP1-AMP2-In-Transit
ME Air KSAB2B GT-P 2024,V1111111316,60,AMP1-AMP2-In-Transit
ME Air KSAB2B GT-P 2023,V1111111315,60,AMP1-AMP2-In-Transit
ME Air KSAB2B GT 2026,V1111111314,60,AMP1-AMP2-In-Transit
ME Air KSAB2B GT 2025,V1111111313,60,AMP1-AMP2-In-Transit
ME Air KSAB2B GT 2024,V1111111312,60,AMP1-AMP2-In-Transit
ME Air KSAB2B GT 2023,V1111111311,60,AMP1-AMP2-In-Transit
ME Air KSAB2B Touring 2026,V1111111330,60,AMP1-AMP2-In-Transit
ME Air KSAB2B Touring 2025,V1111111329,60,AMP1-AMP2-In-Transit
ME Air KSAB2B Touring 2024,V1111111328,60,AMP1-AMP2-In-Transit
ME Air KSAB2B Touring 2023,V1111111327,60,AMP1-AMP2-In-Transit
ME Air KSAB2B Pure 2026,V1111111322,60,AMP1-AMP2-In-Transit
ME Air KSAB2B Pure 2025,V1111111321,60,AMP1-AMP2-In-Transit
ME Air KSAB2B Pure 2024,V1111111320,60,AMP1-AMP2-In-Transit
ME Air KSAB2B Pure 2023,V1111111319,60,AMP1-AMP2-In-Transit
ME Air KSAGvt Dream 2026,V1111111334,60,AMP1-AMP2-In-Transit
ME Air KSAGvt Dream 2025,V1111111333,60,AMP1-AMP2-In-Transit
ME Air KSAGvt Dream 2024,V1111111332,60,AMP1-AMP2-In-Transit
ME Air KSAGvt Dream 2023,V1111111331,60,AMP1-AMP2-In-Transit
ME Air KSAGvt GT-P 2026,V1111111342,60,AMP1-AMP2-In-Transit
ME Air KSAGvt GT-P 2025,V1111111341,60,AMP1-AMP2-In-Transit
ME Air KSAGvt GT-P 2024,V1111111340,60,AMP1-AMP2-In-Transit
ME Air KSAGvt GT-P 2023,V1111111339,60,AMP1-AMP2-In-Transit
ME Air KSAGvt GT 2026,V1111111338,60,AMP1-AMP2-In-Transit
ME Air KSAGvt GT 2025,V1111111337,60,AMP1-AMP2-In-Transit
ME Air KSAGvt GT 2024,V1111111336,60,AMP1-AMP2-In-Transit
ME Air KSAGvt GT 2023,V1111111335,60,AMP1-AMP2-In-Transit
ME Air KSAGvt Touring 2026,V1111111354,60,AMP1-AMP2-In-Transit
ME Air KSAGvt Touring 2025,V1111111353,60,AMP1-AMP2-In-Transit
ME Air KSAGvt Touring 2024,V1111111352,60,AMP1-AMP2-In-Transit
ME Air KSAGvt Touring 2023,V1111111351,60,AMP1-AMP2-In-Transit
ME Air KSAGvt Pure 2026,V1111111346,60,AMP1-AMP2-In-Transit
ME Air KSAGvt Pure 2025,V1111111345,60,AMP1-AMP2-In-Transit
ME Air KSAGvt Pure 2024,V1111111344,60,AMP1-AMP2-In-Transit
ME Air KSAGvt Pure 2023,V1111111343,60,AMP1-AMP2-In-Transit
ME Air UAE Dream 2026,V1111111382,60,AMP1-AMP2-In-Transit
ME Air UAE Dream 2025,V1111111381,60,AMP1-AMP2-In-Transit
ME Air UAE Dream 2024,V1111111380,60,AMP1-AMP2-In-Transit
ME Air UAE Dream 2023,V1111111379,60,AMP1-AMP2-In-Transit
ME Air UAE GT-P 2026,V1111111390,60,AMP1-AMP2-In-Transit
ME Air UAE GT-P 2025,V1111111389,60,AMP1-AMP2-In-Transit
ME Air UAE GT-P 2024,V1111111388,60,AMP1-AMP2-In-Transit
ME Air UAE GT-P 2023,V1111111387,60,AMP1-AMP2-In-Transit
ME Air UAE GT 2026,V1111111386,60,AMP1-AMP2-In-Transit
ME Air UAE GT 2025,V1111111385,60,AMP1-AMP2-In-Transit
ME Air UAE GT 2024,V1111111384,60,AMP1-AMP2-In-Transit
ME Air UAE GT 2023,V1111111383,60,AMP1-AMP2-In-Transit
ME Air UAE Touring 2026,V1111111402,60,AMP1-AMP2-In-Transit
ME Air UAE Touring 2025,V1111111401,60,AMP1-AMP2-In-Transit
ME Air UAE Touring 2024,V1111111400,60,AMP1-AMP2-In-Transit
ME Air UAE Touring 2023,V1111111399,60,AMP1-AMP2-In-Transit
ME Air UAE Pure 2026,V1111111394,60,AMP1-AMP2-In-Transit
ME Air UAE Pure 2025,V1111111393,60,AMP1-AMP2-In-Transit
ME Air UAE Pure 2024,V1111111392,60,AMP1-AMP2-In-Transit
ME Air UAE Pure 2023,V1111111391,60,AMP1-AMP2-In-Transit
ME Air KSARetail Dream 2026,V1111111358,60,AMP2
ME Air KSARetail Dream 2025,V1111111357,60,AMP2
ME Air KSARetail Dream 2024,V1111111356,60,AMP2
ME Air KSARetail Dream 2023,V1111111355,60,AMP2
ME Air KSARetail GT-P 2026,V1111111366,60,AMP2
ME Air KSARetail GT-P 2025,V1111111365,60,AMP2
ME Air KSARetail GT-P 2024,V1111111364,60,AMP2
ME Air KSARetail GT-P 2023,V1111111363,60,AMP2
ME Air KSARetail GT 2026,V1111111362,60,AMP2
ME Air KSARetail GT 2025,V1111111361,60,AMP2
ME Air KSARetail GT 2024,V1111111360,60,AMP2
ME Air KSARetail GT 2023,V1111111359,60,AMP2
ME Air KSARetail Touring 2026,V1111111378,60,AMP2
ME Air KSARetail Touring 2025,V1111111377,60,AMP2
ME Air KSARetail Touring 2024,V1111111376,60,AMP2
ME Air KSARetail Touring 2023,V1111111375,60,AMP2
ME Air KSARetail Pure 2026,V1111111370,60,AMP2
ME Air KSARetail Pure 2025,V1111111369,60,AMP2
ME Air KSARetail Pure 2024,V1111111368,60,AMP2
ME Air KSARetail Pure 2023,V1111111367,60,AMP2
ME Air KSAB2B Dream 2026,V1111111310,60,AMP2
ME Air KSAB2B Dream 2025,V1111111309,60,AMP2
ME Air KSAB2B Dream 2024,V1111111308,60,AMP2
ME Air KSAB2B Dream 2023,V1111111307,60,AMP2
ME Air KSAB2B GT-P 2026,V1111111318,60,AMP2
ME Air KSAB2B GT-P 2025,V1111111317,60,AMP2
ME Air KSAB2B GT-P 2024,V1111111316,60,AMP2
ME Air KSAB2B GT-P 2023,V1111111315,60,AMP2
ME Air KSAB2B GT 2026,V1111111314,60,AMP2
ME Air KSAB2B GT 2025,V1111111313,60,AMP2
ME Air KSAB2B GT 2024,V1111111312,60,AMP2
ME Air KSAB2B GT 2023,V1111111311,60,AMP2
ME Air KSAB2B Touring 2026,V1111111330,60,AMP2
ME Air KSAB2B Touring 2025,V1111111329,60,AMP2
ME Air KSAB2B Touring 2024,V1111111328,60,AMP2
ME Air KSAB2B Touring 2023,V1111111327,60,AMP2
ME Air KSAB2B Pure 2026,V1111111322,60,AMP2
ME Air KSAB2B Pure 2025,V1111111321,60,AMP2
ME Air KSAB2B Pure 2024,V1111111320,60,AMP2
ME Air KSAB2B Pure 2023,V1111111319,60,AMP2
ME Air KSAGvt Dream 2026,V1111111334,60,AMP2
ME Air KSAGvt Dream 2025,V1111111333,60,AMP2
ME Air KSAGvt Dream 2024,V1111111332,60,AMP2
ME Air KSAGvt Dream 2023,V1111111331,60,AMP2
ME Air KSAGvt GT-P 2026,V1111111342,60,AMP2
ME Air KSAGvt GT-P 2025,V1111111341,60,AMP2
ME Air KSAGvt GT-P 2024,V1111111340,60,AMP2
ME Air KSAGvt GT-P 2023,V1111111339,60,AMP2
ME Air KSAGvt GT 2026,V1111111338,60,AMP2
ME Air KSAGvt GT 2025,V1111111337,60,AMP2
ME Air KSAGvt GT 2024,V1111111336,60,AMP2
ME Air KSAGvt GT 2023,V1111111335,60,AMP2
ME Air KSAGvt Touring 2026,V1111111354,60,AMP2
ME Air KSAGvt Touring 2025,V1111111353,60,AMP2
ME Air KSAGvt Touring 2024,V1111111352,60,AMP2
ME Air KSAGvt Touring 2023,V1111111351,60,AMP2
ME Air KSAGvt Pure 2026,V1111111346,60,AMP2
ME Air KSAGvt Pure 2025,V1111111345,60,AMP2
ME Air KSAGvt Pure 2024,V1111111344,60,AMP2
ME Air KSAGvt Pure 2023,V1111111343,60,AMP2
ME Air UAE Dream 2026,V1111111382,60,AMP2
ME Air UAE Dream 2025,V1111111381,60,AMP2
ME Air UAE Dream 2024,V1111111380,60,AMP2
ME Air UAE Dream 2023,V1111111379,60,AMP2
ME Air UAE GT-P 2026,V1111111390,60,AMP2
ME Air UAE GT-P 2025,V1111111389,60,AMP2
ME Air UAE GT-P 2024,V1111111388,60,AMP2
ME Air UAE GT-P 2023,V1111111387,60,AMP2
ME Air UAE GT 2026,V1111111386,60,AMP2
ME Air UAE GT 2025,V1111111385,60,AMP2
ME Air UAE GT 2024,V1111111384,60,AMP2
ME Air UAE GT 2023,V1111111383,60,AMP2
ME Air UAE Touring 2026,V1111111402,60,AMP2
ME Air UAE Touring 2025,V1111111401,60,AMP2
ME Air UAE Touring 2024,V1111111400,60,AMP2
ME Air UAE Touring 2023,V1111111399,60,AMP2
ME Air UAE Pure 2026,V1111111394,60,AMP2
ME Air UAE Pure 2025,V1111111393,60,AMP2
ME Air UAE Pure 2024,V1111111392,60,AMP2
ME Air UAE Pure 2023,V1111111391,60,AMP2
